0,1,0,200000000000,0.000000
1,0,0,200000000000,0.000000
0,13,0,200000000000,0.000000
13,0,0,200000000000,0.000000
1,2,0,200000000000,0.000000
2,1,0,200000000000,0.000000
1,14,0,200000000000,0.000000
14,1,0,200000000000,0.000000
2,3,0,200000000000,0.000000
3,2,0,200000000000,0.000000
2,15,0,200000000000,0.000000
15,2,0,200000000000,0.000000
3,4,0,200000000000,0.000000
4,3,0,200000000000,0.000000
3,16,0,200000000000,0.000000
16,3,0,200000000000,0.000000
4,5,0,200000000000,0.000000
5,4,0,200000000000,0.000000
4,17,0,200000000000,0.000000
17,4,0,200000000000,0.000000
5,6,0,200000000000,0.000000
6,5,0,200000000000,0.000000
5,18,0,200000000000,0.000000
18,5,0,200000000000,0.000000
6,7,0,200000000000,0.000000
7,6,0,200000000000,0.000000
6,19,0,200000000000,0.000000
19,6,0,200000000000,0.000000
7,8,0,200000000000,0.000000
8,7,0,200000000000,0.000000
7,20,0,200000000000,0.000000
20,7,0,200000000000,0.000000
8,9,0,200000000000,0.000000
9,8,0,200000000000,0.000000
8,21,0,200000000000,0.000000
21,8,0,200000000000,0.000000
9,10,0,200000000000,0.000000
10,9,0,200000000000,0.000000
9,22,0,200000000000,0.000000
22,9,0,200000000000,0.000000
10,11,0,200000000000,0.000000
11,10,0,200000000000,0.000000
10,23,0,200000000000,0.000000
23,10,0,200000000000,0.000000
11,12,0,200000000000,0.000000
12,11,0,200000000000,0.000000
11,24,0,200000000000,0.000000
24,11,0,200000000000,0.000000
0,12,0,200000000000,0.000000
12,0,0,200000000000,0.000000
12,25,0,200000000000,0.000000
25,12,0,200000000000,0.000000
13,14,0,200000000000,0.000000
14,13,0,200000000000,0.000000
13,26,0,200000000000,0.000000
26,13,0,200000000000,0.000000
14,15,0,200000000000,0.000000
15,14,0,200000000000,0.000000
14,27,0,200000000000,0.000000
27,14,0,200000000000,0.000000
15,16,0,200000000000,0.000000
16,15,0,200000000000,0.000000
15,28,0,200000000000,0.000000
28,15,0,200000000000,0.000000
16,17,0,200000000000,0.000000
17,16,0,200000000000,0.000000
16,29,0,200000000000,0.000000
29,16,0,200000000000,0.000000
17,18,0,200000000000,0.000000
18,17,0,200000000000,0.000000
17,30,0,200000000000,0.000000
30,17,0,200000000000,0.000000
18,19,0,200000000000,0.000000
19,18,0,200000000000,0.000000
18,31,0,200000000000,0.000000
31,18,0,200000000000,0.000000
19,20,0,200000000000,0.000000
20,19,0,200000000000,0.000000
19,32,0,200000000000,0.000000
32,19,0,200000000000,0.000000
20,21,0,200000000000,0.000000
21,20,0,200000000000,0.000000
20,33,0,200000000000,0.000000
33,20,0,200000000000,0.000000
21,22,0,200000000000,0.000000
22,21,0,200000000000,0.000000
21,34,0,200000000000,0.000000
34,21,0,200000000000,0.000000
22,23,0,200000000000,0.000000
23,22,0,200000000000,0.000000
22,35,0,200000000000,0.000000
35,22,0,200000000000,0.000000
23,24,0,200000000000,0.000000
24,23,0,200000000000,0.000000
23,36,0,200000000000,0.000000
36,23,0,200000000000,0.000000
24,25,0,200000000000,0.000000
25,24,0,200000000000,0.000000
24,37,0,200000000000,0.000000
37,24,0,200000000000,0.000000
13,25,0,200000000000,0.000000
25,13,0,200000000000,0.000000
25,38,0,200000000000,0.000000
38,25,0,200000000000,0.000000
26,27,0,200000000000,0.000000
27,26,0,200000000000,0.000000
26,39,0,200000000000,0.000000
39,26,0,200000000000,0.000000
27,28,0,200000000000,0.000000
28,27,0,200000000000,0.000000
27,40,0,200000000000,0.000000
40,27,0,200000000000,0.000000
28,29,0,200000000000,0.000000
29,28,0,200000000000,0.000000
28,41,0,200000000000,0.000000
41,28,0,200000000000,0.000000
29,30,0,200000000000,0.000000
30,29,0,200000000000,0.000000
29,42,0,200000000000,0.000000
42,29,0,200000000000,0.000000
30,31,0,200000000000,0.000000
31,30,0,200000000000,0.000000
30,43,0,200000000000,0.000000
43,30,0,200000000000,0.000000
31,32,0,200000000000,0.000000
32,31,0,200000000000,0.000000
31,44,0,200000000000,0.000000
44,31,0,200000000000,0.000000
32,33,0,200000000000,0.000000
33,32,0,200000000000,0.000000
32,45,0,200000000000,0.000000
45,32,0,200000000000,0.000000
33,34,0,200000000000,0.000000
34,33,0,200000000000,0.000000
33,46,0,200000000000,0.000000
46,33,0,200000000000,0.000000
34,35,0,200000000000,0.000000
35,34,0,200000000000,0.000000
34,47,0,200000000000,0.000000
47,34,0,200000000000,0.000000
35,36,0,200000000000,0.000000
36,35,0,200000000000,0.000000
35,48,0,200000000000,0.000000
48,35,0,200000000000,0.000000
36,37,0,200000000000,0.000000
37,36,0,200000000000,0.000000
36,49,0,200000000000,0.000000
49,36,0,200000000000,0.000000
37,38,0,200000000000,0.000000
38,37,0,200000000000,0.000000
37,50,0,200000000000,0.000000
50,37,0,200000000000,0.000000
26,38,0,200000000000,0.000000
38,26,0,200000000000,0.000000
38,51,0,200000000000,0.000000
51,38,0,200000000000,0.000000
39,40,0,200000000000,0.000000
40,39,0,200000000000,0.000000
39,52,0,200000000000,0.000000
52,39,0,200000000000,0.000000
40,41,0,200000000000,0.000000
41,40,0,200000000000,0.000000
40,53,0,200000000000,0.000000
53,40,0,200000000000,0.000000
41,42,0,200000000000,0.000000
42,41,0,200000000000,0.000000
41,54,0,200000000000,0.000000
54,41,0,200000000000,0.000000
42,43,0,200000000000,0.000000
43,42,0,200000000000,0.000000
42,55,0,200000000000,0.000000
55,42,0,200000000000,0.000000
43,44,0,200000000000,0.000000
44,43,0,200000000000,0.000000
43,56,0,200000000000,0.000000
56,43,0,200000000000,0.000000
44,45,0,200000000000,0.000000
45,44,0,200000000000,0.000000
44,57,0,200000000000,0.000000
57,44,0,200000000000,0.000000
45,46,0,200000000000,0.000000
46,45,0,200000000000,0.000000
45,58,0,200000000000,0.000000
58,45,0,200000000000,0.000000
46,47,0,200000000000,0.000000
47,46,0,200000000000,0.000000
46,59,0,200000000000,0.000000
59,46,0,200000000000,0.000000
47,48,0,200000000000,0.000000
48,47,0,200000000000,0.000000
47,60,0,200000000000,0.000000
60,47,0,200000000000,0.000000
48,49,0,200000000000,0.000000
49,48,0,200000000000,0.000000
48,61,0,200000000000,0.000000
61,48,0,200000000000,0.000000
49,50,0,200000000000,0.000000
50,49,0,200000000000,0.000000
49,62,0,200000000000,0.000000
62,49,0,200000000000,0.000000
50,51,0,200000000000,0.000000
51,50,0,200000000000,0.000000
50,63,0,200000000000,0.000000
63,50,0,200000000000,0.000000
39,51,0,200000000000,0.000000
51,39,0,200000000000,0.000000
51,64,0,200000000000,0.000000
64,51,0,200000000000,0.000000
52,53,0,200000000000,0.000000
53,52,0,200000000000,0.000000
52,65,0,200000000000,0.000000
65,52,0,200000000000,0.000000
53,54,0,200000000000,0.000000
54,53,0,200000000000,0.000000
53,66,0,200000000000,0.000000
66,53,0,200000000000,0.000000
54,55,0,200000000000,0.000000
55,54,0,200000000000,0.000000
54,67,0,200000000000,0.000000
67,54,0,200000000000,0.000000
55,56,0,200000000000,0.000000
56,55,0,200000000000,0.000000
55,68,0,200000000000,0.000000
68,55,0,200000000000,0.000000
56,57,0,200000000000,0.000000
57,56,0,200000000000,0.000000
56,69,0,200000000000,0.000000
69,56,0,200000000000,0.000000
57,58,0,200000000000,0.000000
58,57,0,200000000000,0.000000
57,70,0,200000000000,0.000000
70,57,0,200000000000,0.000000
58,59,0,200000000000,0.000000
59,58,0,200000000000,0.000000
58,71,0,200000000000,0.000000
71,58,0,200000000000,0.000000
59,60,0,200000000000,0.000000
60,59,0,200000000000,0.000000
59,72,0,200000000000,0.000000
72,59,0,200000000000,0.000000
60,61,0,200000000000,0.000000
61,60,0,200000000000,0.000000
60,73,0,200000000000,0.000000
73,60,0,200000000000,0.000000
61,62,0,200000000000,0.000000
62,61,0,200000000000,0.000000
61,74,0,200000000000,0.000000
74,61,0,200000000000,0.000000
62,63,0,200000000000,0.000000
63,62,0,200000000000,0.000000
62,75,0,200000000000,0.000000
75,62,0,200000000000,0.000000
63,64,0,200000000000,0.000000
64,63,0,200000000000,0.000000
63,76,0,200000000000,0.000000
76,63,0,200000000000,0.000000
52,64,0,200000000000,0.000000
64,52,0,200000000000,0.000000
64,77,0,200000000000,0.000000
77,64,0,200000000000,0.000000
65,66,0,200000000000,0.000000
66,65,0,200000000000,0.000000
65,78,0,200000000000,0.000000
78,65,0,200000000000,0.000000
66,67,0,200000000000,0.000000
67,66,0,200000000000,0.000000
66,79,0,200000000000,0.000000
79,66,0,200000000000,0.000000
67,68,0,200000000000,0.000000
68,67,0,200000000000,0.000000
67,80,0,200000000000,0.000000
80,67,0,200000000000,0.000000
68,69,0,200000000000,0.000000
69,68,0,200000000000,0.000000
68,81,0,200000000000,0.000000
81,68,0,200000000000,0.000000
69,70,0,200000000000,0.000000
70,69,0,200000000000,0.000000
69,82,0,200000000000,0.000000
82,69,0,200000000000,0.000000
70,71,0,200000000000,0.000000
71,70,0,200000000000,0.000000
70,83,0,200000000000,0.000000
83,70,0,200000000000,0.000000
71,72,0,200000000000,0.000000
72,71,0,200000000000,0.000000
71,84,0,200000000000,0.000000
84,71,0,200000000000,0.000000
72,73,0,200000000000,0.000000
73,72,0,200000000000,0.000000
72,85,0,200000000000,0.000000
85,72,0,200000000000,0.000000
73,74,0,200000000000,0.000000
74,73,0,200000000000,0.000000
73,86,0,200000000000,0.000000
86,73,0,200000000000,0.000000
74,75,0,200000000000,0.000000
75,74,0,200000000000,0.000000
74,87,0,200000000000,0.000000
87,74,0,200000000000,0.000000
75,76,0,200000000000,0.000000
76,75,0,200000000000,0.000000
75,88,0,200000000000,0.000000
88,75,0,200000000000,0.000000
76,77,0,200000000000,0.000000
77,76,0,200000000000,0.000000
76,89,0,200000000000,0.000000
89,76,0,200000000000,0.000000
65,77,0,200000000000,0.000000
77,65,0,200000000000,0.000000
77,90,0,200000000000,0.000000
90,77,0,200000000000,0.000000
78,79,0,200000000000,0.000000
79,78,0,200000000000,0.000000
78,91,0,200000000000,0.000000
91,78,0,200000000000,0.000000
79,80,0,200000000000,0.000000
80,79,0,200000000000,0.000000
79,92,0,200000000000,0.000000
92,79,0,200000000000,0.000000
80,81,0,200000000000,0.000000
81,80,0,200000000000,0.000000
80,93,0,200000000000,0.000000
93,80,0,200000000000,0.000000
81,82,0,200000000000,0.000000
82,81,0,200000000000,0.000000
81,94,0,200000000000,0.000000
94,81,0,200000000000,0.000000
82,83,0,200000000000,0.000000
83,82,0,200000000000,0.000000
82,95,0,200000000000,0.000000
95,82,0,200000000000,0.000000
83,84,0,200000000000,0.000000
84,83,0,200000000000,0.000000
83,96,0,200000000000,0.000000
96,83,0,200000000000,0.000000
84,85,0,200000000000,0.000000
85,84,0,200000000000,0.000000
84,97,0,200000000000,0.000000
97,84,0,200000000000,0.000000
85,86,0,200000000000,0.000000
86,85,0,200000000000,0.000000
85,98,0,200000000000,0.000000
98,85,0,200000000000,0.000000
86,87,0,200000000000,0.000000
87,86,0,200000000000,0.000000
86,99,0,200000000000,0.000000
99,86,0,200000000000,0.000000
87,88,0,200000000000,0.000000
88,87,0,200000000000,0.000000
87,100,0,200000000000,0.000000
100,87,0,200000000000,0.000000
88,89,0,200000000000,0.000000
89,88,0,200000000000,0.000000
88,101,0,200000000000,0.000000
101,88,0,200000000000,0.000000
89,90,0,200000000000,0.000000
90,89,0,200000000000,0.000000
89,102,0,200000000000,0.000000
102,89,0,200000000000,0.000000
78,90,0,200000000000,0.000000
90,78,0,200000000000,0.000000
90,103,0,200000000000,0.000000
103,90,0,200000000000,0.000000
91,92,0,200000000000,0.000000
92,91,0,200000000000,0.000000
91,104,0,200000000000,0.000000
104,91,0,200000000000,0.000000
92,93,0,200000000000,0.000000
93,92,0,200000000000,0.000000
92,105,0,200000000000,0.000000
105,92,0,200000000000,0.000000
93,94,0,200000000000,0.000000
94,93,0,200000000000,0.000000
93,106,0,200000000000,0.000000
106,93,0,200000000000,0.000000
94,95,0,200000000000,0.000000
95,94,0,200000000000,0.000000
94,107,0,200000000000,0.000000
107,94,0,200000000000,0.000000
95,96,0,200000000000,0.000000
96,95,0,200000000000,0.000000
95,108,0,200000000000,0.000000
108,95,0,200000000000,0.000000
96,97,0,200000000000,0.000000
97,96,0,200000000000,0.000000
96,109,0,200000000000,0.000000
109,96,0,200000000000,0.000000
97,98,0,200000000000,0.000000
98,97,0,200000000000,0.000000
97,110,0,200000000000,0.000000
110,97,0,200000000000,0.000000
98,99,0,200000000000,0.000000
99,98,0,200000000000,0.000000
98,111,0,200000000000,0.000000
111,98,0,200000000000,0.000000
99,100,0,200000000000,0.000000
100,99,0,200000000000,0.000000
99,112,0,200000000000,0.000000
112,99,0,200000000000,0.000000
100,101,0,200000000000,0.000000
101,100,0,200000000000,0.000000
100,113,0,200000000000,0.000000
113,100,0,200000000000,0.000000
101,102,0,200000000000,0.000000
102,101,0,200000000000,0.000000
101,114,0,200000000000,0.000000
114,101,0,200000000000,0.000000
102,103,0,200000000000,0.000000
103,102,0,200000000000,0.000000
102,115,0,200000000000,0.000000
115,102,0,200000000000,0.000000
91,103,0,200000000000,0.000000
103,91,0,200000000000,0.000000
103,116,0,200000000000,0.000000
116,103,0,200000000000,0.000000
104,105,0,200000000000,0.000000
105,104,0,200000000000,0.000000
104,117,0,200000000000,0.000000
117,104,0,200000000000,0.000000
105,106,0,200000000000,0.000000
106,105,0,200000000000,0.000000
105,118,0,200000000000,0.000000
118,105,0,200000000000,0.000000
106,107,0,200000000000,0.000000
107,106,0,200000000000,0.000000
106,119,0,200000000000,0.000000
119,106,0,200000000000,0.000000
107,108,0,200000000000,0.000000
108,107,0,200000000000,0.000000
107,120,0,200000000000,0.000000
120,107,0,200000000000,0.000000
108,109,0,200000000000,0.000000
109,108,0,200000000000,0.000000
108,121,0,200000000000,0.000000
121,108,0,200000000000,0.000000
109,110,0,200000000000,0.000000
110,109,0,200000000000,0.000000
109,122,0,200000000000,0.000000
122,109,0,200000000000,0.000000
110,111,0,200000000000,0.000000
111,110,0,200000000000,0.000000
110,123,0,200000000000,0.000000
123,110,0,200000000000,0.000000
111,112,0,200000000000,0.000000
112,111,0,200000000000,0.000000
111,124,0,200000000000,0.000000
124,111,0,200000000000,0.000000
112,113,0,200000000000,0.000000
113,112,0,200000000000,0.000000
112,125,0,200000000000,0.000000
125,112,0,200000000000,0.000000
113,114,0,200000000000,0.000000
114,113,0,200000000000,0.000000
113,126,0,200000000000,0.000000
126,113,0,200000000000,0.000000
114,115,0,200000000000,0.000000
115,114,0,200000000000,0.000000
114,127,0,200000000000,0.000000
127,114,0,200000000000,0.000000
115,116,0,200000000000,0.000000
116,115,0,200000000000,0.000000
115,128,0,200000000000,0.000000
128,115,0,200000000000,0.000000
104,116,0,200000000000,0.000000
116,104,0,200000000000,0.000000
116,129,0,200000000000,0.000000
129,116,0,200000000000,0.000000
117,118,0,200000000000,0.000000
118,117,0,200000000000,0.000000
117,130,0,200000000000,0.000000
130,117,0,200000000000,0.000000
118,119,0,200000000000,0.000000
119,118,0,200000000000,0.000000
118,131,0,200000000000,0.000000
131,118,0,200000000000,0.000000
119,120,0,200000000000,0.000000
120,119,0,200000000000,0.000000
119,132,0,200000000000,0.000000
132,119,0,200000000000,0.000000
120,121,0,200000000000,0.000000
121,120,0,200000000000,0.000000
120,133,0,200000000000,0.000000
133,120,0,200000000000,0.000000
121,122,0,200000000000,0.000000
122,121,0,200000000000,0.000000
121,134,0,200000000000,0.000000
134,121,0,200000000000,0.000000
122,123,0,200000000000,0.000000
123,122,0,200000000000,0.000000
122,135,0,200000000000,0.000000
135,122,0,200000000000,0.000000
123,124,0,200000000000,0.000000
124,123,0,200000000000,0.000000
123,136,0,200000000000,0.000000
136,123,0,200000000000,0.000000
124,125,0,200000000000,0.000000
125,124,0,200000000000,0.000000
124,137,0,200000000000,0.000000
137,124,0,200000000000,0.000000
125,126,0,200000000000,0.000000
126,125,0,200000000000,0.000000
125,138,0,200000000000,0.000000
138,125,0,200000000000,0.000000
126,127,0,200000000000,0.000000
127,126,0,200000000000,0.000000
126,139,0,200000000000,0.000000
139,126,0,200000000000,0.000000
127,128,0,200000000000,0.000000
128,127,0,200000000000,0.000000
127,140,0,200000000000,0.000000
140,127,0,200000000000,0.000000
128,129,0,200000000000,0.000000
129,128,0,200000000000,0.000000
128,141,0,200000000000,0.000000
141,128,0,200000000000,0.000000
117,129,0,200000000000,0.000000
129,117,0,200000000000,0.000000
129,142,0,200000000000,0.000000
142,129,0,200000000000,0.000000
130,131,0,200000000000,0.000000
131,130,0,200000000000,0.000000
130,143,0,200000000000,0.000000
143,130,0,200000000000,0.000000
131,132,0,200000000000,0.000000
132,131,0,200000000000,0.000000
131,144,0,200000000000,0.000000
144,131,0,200000000000,0.000000
132,133,0,200000000000,0.000000
133,132,0,200000000000,0.000000
132,145,0,200000000000,0.000000
145,132,0,200000000000,0.000000
133,134,0,200000000000,0.000000
134,133,0,200000000000,0.000000
133,146,0,200000000000,0.000000
146,133,0,200000000000,0.000000
134,135,0,200000000000,0.000000
135,134,0,200000000000,0.000000
134,147,0,200000000000,0.000000
147,134,0,200000000000,0.000000
135,136,0,200000000000,0.000000
136,135,0,200000000000,0.000000
135,148,0,200000000000,0.000000
148,135,0,200000000000,0.000000
136,137,0,200000000000,0.000000
137,136,0,200000000000,0.000000
136,149,0,200000000000,0.000000
149,136,0,200000000000,0.000000
137,138,0,200000000000,0.000000
138,137,0,200000000000,0.000000
137,150,0,200000000000,0.000000
150,137,0,200000000000,0.000000
138,139,0,200000000000,0.000000
139,138,0,200000000000,0.000000
138,151,0,200000000000,0.000000
151,138,0,200000000000,0.000000
139,140,0,200000000000,0.000000
140,139,0,200000000000,0.000000
139,152,0,200000000000,0.000000
152,139,0,200000000000,0.000000
140,141,0,200000000000,0.000000
141,140,0,200000000000,0.000000
140,153,0,200000000000,0.000000
153,140,0,200000000000,0.000000
141,142,0,200000000000,0.000000
142,141,0,200000000000,0.000000
141,154,0,200000000000,0.000000
154,141,0,200000000000,0.000000
130,142,0,200000000000,0.000000
142,130,0,200000000000,0.000000
142,155,0,200000000000,0.000000
155,142,0,200000000000,0.000000
143,144,0,200000000000,0.000000
144,143,0,200000000000,0.000000
143,156,0,200000000000,0.000000
156,143,0,200000000000,0.000000
144,145,0,200000000000,0.000000
145,144,0,200000000000,0.000000
144,157,0,200000000000,0.000000
157,144,0,200000000000,0.000000
145,146,0,200000000000,0.000000
146,145,0,200000000000,0.000000
145,158,0,200000000000,0.000000
158,145,0,200000000000,0.000000
146,147,0,200000000000,0.000000
147,146,0,200000000000,0.000000
146,159,0,200000000000,0.000000
159,146,0,200000000000,0.000000
147,148,0,200000000000,0.000000
148,147,0,200000000000,0.000000
147,160,0,200000000000,0.000000
160,147,0,200000000000,0.000000
148,149,0,200000000000,0.000000
149,148,0,200000000000,0.000000
148,161,0,200000000000,0.000000
161,148,0,200000000000,0.000000
149,150,0,200000000000,0.000000
150,149,0,200000000000,0.000000
149,162,0,200000000000,0.000000
162,149,0,200000000000,0.000000
150,151,0,200000000000,0.000000
151,150,0,200000000000,0.000000
150,163,0,200000000000,0.000000
163,150,0,200000000000,0.000000
151,152,0,200000000000,0.000000
152,151,0,200000000000,0.000000
151,164,0,200000000000,0.000000
164,151,0,200000000000,0.000000
152,153,0,200000000000,0.000000
153,152,0,200000000000,0.000000
152,165,0,200000000000,0.000000
165,152,0,200000000000,0.000000
153,154,0,200000000000,0.000000
154,153,0,200000000000,0.000000
153,166,0,200000000000,0.000000
166,153,0,200000000000,0.000000
154,155,0,200000000000,0.000000
155,154,0,200000000000,0.000000
154,167,0,200000000000,0.000000
167,154,0,200000000000,0.000000
143,155,0,200000000000,0.000000
155,143,0,200000000000,0.000000
155,168,0,200000000000,0.000000
168,155,0,200000000000,0.000000
156,157,0,200000000000,0.000000
157,156,0,200000000000,0.000000
156,169,0,200000000000,0.000000
169,156,0,200000000000,0.000000
157,158,0,200000000000,0.000000
158,157,0,200000000000,0.000000
157,170,0,200000000000,0.000000
170,157,0,200000000000,0.000000
158,159,0,200000000000,0.000000
159,158,0,200000000000,0.000000
158,171,0,200000000000,0.000000
171,158,0,200000000000,0.000000
159,160,0,200000000000,0.000000
160,159,0,200000000000,0.000000
159,172,0,200000000000,0.000000
172,159,0,200000000000,0.000000
160,161,0,200000000000,0.000000
161,160,0,200000000000,0.000000
160,173,0,200000000000,0.000000
173,160,0,200000000000,0.000000
161,162,0,200000000000,0.000000
162,161,0,200000000000,0.000000
161,174,0,200000000000,0.000000
174,161,0,200000000000,0.000000
162,163,0,200000000000,0.000000
163,162,0,200000000000,0.000000
162,175,0,200000000000,0.000000
175,162,0,200000000000,0.000000
163,164,0,200000000000,0.000000
164,163,0,200000000000,0.000000
163,176,0,200000000000,0.000000
176,163,0,200000000000,0.000000
164,165,0,200000000000,0.000000
165,164,0,200000000000,0.000000
164,177,0,200000000000,0.000000
177,164,0,200000000000,0.000000
165,166,0,200000000000,0.000000
166,165,0,200000000000,0.000000
165,178,0,200000000000,0.000000
178,165,0,200000000000,0.000000
166,167,0,200000000000,0.000000
167,166,0,200000000000,0.000000
166,179,0,200000000000,0.000000
179,166,0,200000000000,0.000000
167,168,0,200000000000,0.000000
168,167,0,200000000000,0.000000
167,180,0,200000000000,0.000000
180,167,0,200000000000,0.000000
156,168,0,200000000000,0.000000
168,156,0,200000000000,0.000000
168,181,0,200000000000,0.000000
181,168,0,200000000000,0.000000
169,170,0,200000000000,0.000000
170,169,0,200000000000,0.000000
169,182,0,200000000000,0.000000
182,169,0,200000000000,0.000000
170,171,0,200000000000,0.000000
171,170,0,200000000000,0.000000
170,183,0,200000000000,0.000000
183,170,0,200000000000,0.000000
171,172,0,200000000000,0.000000
172,171,0,200000000000,0.000000
171,184,0,200000000000,0.000000
184,171,0,200000000000,0.000000
172,173,0,200000000000,0.000000
173,172,0,200000000000,0.000000
172,185,0,200000000000,0.000000
185,172,0,200000000000,0.000000
173,174,0,200000000000,0.000000
174,173,0,200000000000,0.000000
173,186,0,200000000000,0.000000
186,173,0,200000000000,0.000000
174,175,0,200000000000,0.000000
175,174,0,200000000000,0.000000
174,187,0,200000000000,0.000000
187,174,0,200000000000,0.000000
175,176,0,200000000000,0.000000
176,175,0,200000000000,0.000000
175,188,0,200000000000,0.000000
188,175,0,200000000000,0.000000
176,177,0,200000000000,0.000000
177,176,0,200000000000,0.000000
176,189,0,200000000000,0.000000
189,176,0,200000000000,0.000000
177,178,0,200000000000,0.000000
178,177,0,200000000000,0.000000
177,190,0,200000000000,0.000000
190,177,0,200000000000,0.000000
178,179,0,200000000000,0.000000
179,178,0,200000000000,0.000000
178,191,0,200000000000,0.000000
191,178,0,200000000000,0.000000
179,180,0,200000000000,0.000000
180,179,0,200000000000,0.000000
179,192,0,200000000000,0.000000
192,179,0,200000000000,0.000000
180,181,0,200000000000,0.000000
181,180,0,200000000000,0.000000
180,193,0,200000000000,0.000000
193,180,0,200000000000,0.000000
169,181,0,200000000000,0.000000
181,169,0,200000000000,0.000000
181,194,0,200000000000,0.000000
194,181,0,200000000000,0.000000
182,183,0,200000000000,0.000000
183,182,0,200000000000,0.000000
182,195,0,200000000000,0.000000
195,182,0,200000000000,0.000000
183,184,0,200000000000,0.000000
184,183,0,200000000000,0.000000
183,196,0,200000000000,0.000000
196,183,0,200000000000,0.000000
184,185,0,200000000000,0.000000
185,184,0,200000000000,0.000000
184,197,0,200000000000,0.000000
197,184,0,200000000000,0.000000
185,186,0,200000000000,0.000000
186,185,0,200000000000,0.000000
185,198,0,200000000000,0.000000
198,185,0,200000000000,0.000000
186,187,0,200000000000,0.000000
187,186,0,200000000000,0.000000
186,199,0,200000000000,0.000000
199,186,0,200000000000,0.000000
187,188,0,200000000000,0.000000
188,187,0,200000000000,0.000000
187,200,0,200000000000,0.000000
200,187,0,200000000000,0.000000
188,189,0,200000000000,0.000000
189,188,0,200000000000,0.000000
188,201,0,200000000000,0.000000
201,188,0,200000000000,0.000000
189,190,0,200000000000,0.000000
190,189,0,200000000000,0.000000
189,202,0,200000000000,0.000000
202,189,0,200000000000,0.000000
190,191,0,200000000000,0.000000
191,190,0,200000000000,0.000000
190,203,0,200000000000,0.000000
203,190,0,200000000000,0.000000
191,192,0,200000000000,0.000000
192,191,0,200000000000,0.000000
191,204,0,200000000000,0.000000
204,191,0,200000000000,0.000000
192,193,0,200000000000,0.000000
193,192,0,200000000000,0.000000
192,205,0,200000000000,0.000000
205,192,0,200000000000,0.000000
193,194,0,200000000000,0.000000
194,193,0,200000000000,0.000000
193,206,0,200000000000,0.000000
206,193,0,200000000000,0.000000
182,194,0,200000000000,0.000000
194,182,0,200000000000,0.000000
194,207,0,200000000000,0.000000
207,194,0,200000000000,0.000000
195,196,0,200000000000,0.000000
196,195,0,200000000000,0.000000
195,208,0,200000000000,0.000000
208,195,0,200000000000,0.000000
196,197,0,200000000000,0.000000
197,196,0,200000000000,0.000000
196,209,0,200000000000,0.000000
209,196,0,200000000000,0.000000
197,198,0,200000000000,0.000000
198,197,0,200000000000,0.000000
197,210,0,200000000000,0.000000
210,197,0,200000000000,0.000000
198,199,0,200000000000,0.000000
199,198,0,200000000000,0.000000
198,211,0,200000000000,0.000000
211,198,0,200000000000,0.000000
199,200,0,200000000000,0.000000
200,199,0,200000000000,0.000000
199,212,0,200000000000,0.000000
212,199,0,200000000000,0.000000
200,201,0,200000000000,0.000000
201,200,0,200000000000,0.000000
200,213,0,200000000000,0.000000
213,200,0,200000000000,0.000000
201,202,0,200000000000,0.000000
202,201,0,200000000000,0.000000
201,214,0,200000000000,0.000000
214,201,0,200000000000,0.000000
202,203,0,200000000000,0.000000
203,202,0,200000000000,0.000000
202,215,0,200000000000,0.000000
215,202,0,200000000000,0.000000
203,204,0,200000000000,0.000000
204,203,0,200000000000,0.000000
203,216,0,200000000000,0.000000
216,203,0,200000000000,0.000000
204,205,0,200000000000,0.000000
205,204,0,200000000000,0.000000
204,217,0,200000000000,0.000000
217,204,0,200000000000,0.000000
205,206,0,200000000000,0.000000
206,205,0,200000000000,0.000000
205,218,0,200000000000,0.000000
218,205,0,200000000000,0.000000
206,207,0,200000000000,0.000000
207,206,0,200000000000,0.000000
206,219,0,200000000000,0.000000
219,206,0,200000000000,0.000000
195,207,0,200000000000,0.000000
207,195,0,200000000000,0.000000
207,220,0,200000000000,0.000000
220,207,0,200000000000,0.000000
208,209,0,200000000000,0.000000
209,208,0,200000000000,0.000000
208,221,0,200000000000,0.000000
221,208,0,200000000000,0.000000
209,210,0,200000000000,0.000000
210,209,0,200000000000,0.000000
209,222,0,200000000000,0.000000
222,209,0,200000000000,0.000000
210,211,0,200000000000,0.000000
211,210,0,200000000000,0.000000
210,223,0,200000000000,0.000000
223,210,0,200000000000,0.000000
211,212,0,200000000000,0.000000
212,211,0,200000000000,0.000000
211,224,0,200000000000,0.000000
224,211,0,200000000000,0.000000
212,213,0,200000000000,0.000000
213,212,0,200000000000,0.000000
212,225,0,200000000000,0.000000
225,212,0,200000000000,0.000000
213,214,0,200000000000,0.000000
214,213,0,200000000000,0.000000
213,226,0,200000000000,0.000000
226,213,0,200000000000,0.000000
214,215,0,200000000000,0.000000
215,214,0,200000000000,0.000000
214,227,0,200000000000,0.000000
227,214,0,200000000000,0.000000
215,216,0,200000000000,0.000000
216,215,0,200000000000,0.000000
215,228,0,200000000000,0.000000
228,215,0,200000000000,0.000000
216,217,0,200000000000,0.000000
217,216,0,200000000000,0.000000
216,229,0,200000000000,0.000000
229,216,0,200000000000,0.000000
217,218,0,200000000000,0.000000
218,217,0,200000000000,0.000000
217,230,0,200000000000,0.000000
230,217,0,200000000000,0.000000
218,219,0,200000000000,0.000000
219,218,0,200000000000,0.000000
218,231,0,200000000000,0.000000
231,218,0,200000000000,0.000000
219,220,0,200000000000,0.000000
220,219,0,200000000000,0.000000
219,232,0,200000000000,0.000000
232,219,0,200000000000,0.000000
208,220,0,200000000000,0.000000
220,208,0,200000000000,0.000000
220,233,0,200000000000,0.000000
233,220,0,200000000000,0.000000
221,222,0,200000000000,0.000000
222,221,0,200000000000,0.000000
221,234,0,200000000000,0.000000
234,221,0,200000000000,0.000000
222,223,0,200000000000,0.000000
223,222,0,200000000000,0.000000
222,235,0,200000000000,0.000000
235,222,0,200000000000,0.000000
223,224,0,200000000000,0.000000
224,223,0,200000000000,0.000000
223,236,0,200000000000,0.000000
236,223,0,200000000000,0.000000
224,225,0,200000000000,0.000000
225,224,0,200000000000,0.000000
224,237,0,200000000000,0.000000
237,224,0,200000000000,0.000000
225,226,0,200000000000,0.000000
226,225,0,200000000000,0.000000
225,238,0,200000000000,0.000000
238,225,0,200000000000,0.000000
226,227,0,200000000000,0.000000
227,226,0,200000000000,0.000000
226,239,0,200000000000,0.000000
239,226,0,200000000000,0.000000
227,228,0,200000000000,0.000000
228,227,0,200000000000,0.000000
227,240,0,200000000000,0.000000
240,227,0,200000000000,0.000000
228,229,0,200000000000,0.000000
229,228,0,200000000000,0.000000
228,241,0,200000000000,0.000000
241,228,0,200000000000,0.000000
229,230,0,200000000000,0.000000
230,229,0,200000000000,0.000000
229,242,0,200000000000,0.000000
242,229,0,200000000000,0.000000
230,231,0,200000000000,0.000000
231,230,0,200000000000,0.000000
230,243,0,200000000000,0.000000
243,230,0,200000000000,0.000000
231,232,0,200000000000,0.000000
232,231,0,200000000000,0.000000
231,244,0,200000000000,0.000000
244,231,0,200000000000,0.000000
232,233,0,200000000000,0.000000
233,232,0,200000000000,0.000000
232,245,0,200000000000,0.000000
245,232,0,200000000000,0.000000
221,233,0,200000000000,0.000000
233,221,0,200000000000,0.000000
233,246,0,200000000000,0.000000
246,233,0,200000000000,0.000000
234,235,0,200000000000,0.000000
235,234,0,200000000000,0.000000
234,247,0,200000000000,0.000000
247,234,0,200000000000,0.000000
235,236,0,200000000000,0.000000
236,235,0,200000000000,0.000000
235,248,0,200000000000,0.000000
248,235,0,200000000000,0.000000
236,237,0,200000000000,0.000000
237,236,0,200000000000,0.000000
236,249,0,200000000000,0.000000
249,236,0,200000000000,0.000000
237,238,0,200000000000,0.000000
238,237,0,200000000000,0.000000
237,250,0,200000000000,0.000000
250,237,0,200000000000,0.000000
238,239,0,1000000000,0.030173
238,239,1000000000,2000000000,0.033620
238,239,2000000000,3000000000,0.033613
238,239,3000000000,38000000000,0.033600
238,239,38000000000,39000000000,0.033619
238,239,39000000000,40000000000,0.033614
238,239,40000000000,162000000000,0.033600
238,239,162000000000,163000000000,0.033592
238,239,163000000000,164000000000,0.033574
238,239,164000000000,192000000000,0.033600
238,239,192000000000,193000000000,0.033588
238,239,193000000000,194000000000,0.033578
238,239,194000000000,200000000000,0.033600
239,238,0,1000000000,0.032659
239,238,1000000000,44000000000,0.033600
239,238,44000000000,45000000000,0.033602
239,238,45000000000,46000000000,0.033614
239,238,46000000000,47000000000,0.033614
239,238,47000000000,48000000000,0.033604
239,238,48000000000,200000000000,0.033600
238,251,0,1000000000,0.032256
238,251,1000000000,33000000000,0.033600
238,251,33000000000,34000000000,0.033602
238,251,34000000000,35000000000,0.033614
238,251,35000000000,36000000000,0.033614
238,251,36000000000,37000000000,0.033603
238,251,37000000000,200000000000,0.033600
251,238,0,1000000000,0.030374
251,238,1000000000,10000000000,0.033600
251,238,10000000000,11000000000,0.033619
251,238,11000000000,12000000000,0.033614
251,238,12000000000,46000000000,0.033600
251,238,46000000000,47000000000,0.033605
251,238,47000000000,48000000000,0.033623
251,238,48000000000,49000000000,0.033606
251,238,49000000000,166000000000,0.033600
251,238,166000000000,167000000000,0.033591
251,238,167000000000,168000000000,0.033575
251,238,168000000000,197000000000,0.033600
251,238,197000000000,198000000000,0.033573
251,238,198000000000,199000000000,0.033593
251,238,199000000000,200000000000,0.033600
239,240,0,1000000000,0.029803
239,240,1000000000,31000000000,0.033600
239,240,31000000000,32000000000,0.033609
239,240,32000000000,33000000000,0.033624
239,240,33000000000,34000000000,0.033600
239,240,34000000000,168000000000,0.033600
239,240,168000000000,169000000000,0.033577
239,240,169000000000,170000000000,0.033589
239,240,170000000000,196000000000,0.033600
239,240,196000000000,197000000000,0.033581
239,240,197000000000,198000000000,0.033585
239,240,198000000000,200000000000,0.033600
240,239,0,1000000000,0.033062
240,239,1000000000,56000000000,0.033600
240,239,56000000000,57000000000,0.033606
240,239,57000000000,58000000000,0.033613
240,239,58000000000,59000000000,0.033613
240,239,59000000000,60000000000,0.033602
240,239,60000000000,200000000000,0.033600
239,252,0,200000000000,0.000000
252,239,0,200000000000,0.000000
240,241,0,1000000000,0.029400
240,241,1000000000,25000000000,0.033600
240,241,25000000000,26000000000,0.033613
240,241,26000000000,27000000000,0.033621
240,241,27000000000,79000000000,0.033600
240,241,79000000000,80000000000,0.033602
240,241,80000000000,81000000000,0.033609
240,241,81000000000,82000000000,0.033609
240,241,82000000000,83000000000,0.033609
240,241,83000000000,84000000000,0.033605
240,241,84000000000,123000000000,0.033600
240,241,123000000000,124000000000,0.033599
240,241,124000000000,125000000000,0.033591
240,241,125000000000,126000000000,0.033590
240,241,126000000000,127000000000,0.033590
240,241,127000000000,128000000000,0.033596
240,241,128000000000,173000000000,0.033600
240,241,173000000000,174000000000,0.033580
240,241,174000000000,175000000000,0.033587
240,241,175000000000,200000000000,0.033600
241,240,0,1000000000,0.033453
241,240,1000000000,2000000000,0.033613
241,240,2000000000,69000000000,0.033600
241,240,69000000000,70000000000,0.033604
241,240,70000000000,71000000000,0.033611
241,240,71000000000,72000000000,0.033611
241,240,72000000000,73000000000,0.033607
241,240,73000000000,200000000000,0.033600
240,253,0,200000000000,0.000000
253,240,0,200000000000,0.000000
241,242,0,200000000000,0.000000
242,241,0,200000000000,0.000000
241,254,0,200000000000,0.000000
254,241,0,200000000000,0.000000
242,243,0,200000000000,0.000000
243,242,0,200000000000,0.000000
242,255,0,200000000000,0.000000
255,242,0,200000000000,0.000000
243,244,0,200000000000,0.000000
244,243,0,200000000000,0.000000
243,256,0,200000000000,0.000000
256,243,0,200000000000,0.000000
244,245,0,200000000000,0.000000
245,244,0,200000000000,0.000000
244,257,0,200000000000,0.000000
257,244,0,200000000000,0.000000
245,246,0,200000000000,0.000000
246,245,0,200000000000,0.000000
245,258,0,200000000000,0.000000
258,245,0,200000000000,0.000000
234,246,0,200000000000,0.000000
246,234,0,200000000000,0.000000
246,259,0,200000000000,0.000000
259,246,0,200000000000,0.000000
247,248,0,200000000000,0.000000
248,247,0,200000000000,0.000000
247,260,0,200000000000,0.000000
260,247,0,200000000000,0.000000
248,249,0,200000000000,0.000000
249,248,0,200000000000,0.000000
248,261,0,200000000000,0.000000
261,248,0,200000000000,0.000000
249,250,0,200000000000,0.000000
250,249,0,200000000000,0.000000
249,262,0,200000000000,0.000000
262,249,0,200000000000,0.000000
250,251,0,200000000000,0.000000
251,250,0,200000000000,0.000000
250,263,0,200000000000,0.000000
263,250,0,200000000000,0.000000
251,252,0,200000000000,0.000000
252,251,0,200000000000,0.000000
251,264,0,1000000000,0.032054
251,264,1000000000,16000000000,0.033600
251,264,16000000000,17000000000,0.033603
251,264,17000000000,18000000000,0.033613
251,264,18000000000,19000000000,0.033613
251,264,19000000000,20000000000,0.033605
251,264,20000000000,200000000000,0.033600
264,251,0,1000000000,0.030627
264,251,1000000000,2000000000,0.033616
264,251,2000000000,31000000000,0.033600
264,251,31000000000,32000000000,0.033612
264,251,32000000000,33000000000,0.033621
264,251,33000000000,76000000000,0.033600
264,251,76000000000,77000000000,0.033613
264,251,77000000000,78000000000,0.033615
264,251,78000000000,79000000000,0.033606
264,251,79000000000,148000000000,0.033600
264,251,148000000000,149000000000,0.033595
264,251,149000000000,150000000000,0.033584
264,251,150000000000,151000000000,0.033588
264,251,151000000000,188000000000,0.033600
264,251,188000000000,189000000000,0.033596
264,251,189000000000,190000000000,0.033570
264,251,190000000000,200000000000,0.033600
252,253,0,200000000000,0.000000
253,252,0,200000000000,0.000000
252,265,0,200000000000,0.000000
265,252,0,200000000000,0.000000
253,254,0,200000000000,0.000000
254,253,0,200000000000,0.000000
253,266,0,200000000000,0.000000
266,253,0,200000000000,0.000000
254,255,0,200000000000,0.000000
255,254,0,200000000000,0.000000
254,267,0,200000000000,0.000000
267,254,0,200000000000,0.000000
255,256,0,200000000000,0.000000
256,255,0,200000000000,0.000000
255,268,0,200000000000,0.000000
268,255,0,200000000000,0.000000
256,257,0,200000000000,0.000000
257,256,0,200000000000,0.000000
256,269,0,200000000000,0.000000
269,256,0,200000000000,0.000000
257,258,0,200000000000,0.000000
258,257,0,200000000000,0.000000
257,270,0,200000000000,0.000000
270,257,0,200000000000,0.000000
258,259,0,200000000000,0.000000
259,258,0,200000000000,0.000000
258,271,0,200000000000,0.000000
271,258,0,200000000000,0.000000
247,259,0,200000000000,0.000000
259,247,0,200000000000,0.000000
259,272,0,200000000000,0.000000
272,259,0,200000000000,0.000000
260,261,0,200000000000,0.000000
261,260,0,200000000000,0.000000
260,273,0,200000000000,0.000000
273,260,0,200000000000,0.000000
261,262,0,200000000000,0.000000
262,261,0,200000000000,0.000000
261,274,0,200000000000,0.000000
274,261,0,200000000000,0.000000
262,263,0,200000000000,0.000000
263,262,0,200000000000,0.000000
262,275,0,200000000000,0.000000
275,262,0,200000000000,0.000000
263,264,0,200000000000,0.000000
264,263,0,200000000000,0.000000
263,276,0,200000000000,0.000000
276,263,0,200000000000,0.000000
264,265,0,200000000000,0.000000
265,264,0,200000000000,0.000000
264,277,0,1000000000,0.031819
264,277,1000000000,51000000000,0.033600
264,277,51000000000,52000000000,0.033608
264,277,52000000000,53000000000,0.033609
264,277,53000000000,54000000000,0.033609
264,277,54000000000,55000000000,0.033608
264,277,55000000000,191000000000,0.033600
264,277,191000000000,192000000000,0.033597
264,277,192000000000,193000000000,0.033590
264,277,193000000000,194000000000,0.033590
264,277,194000000000,195000000000,0.033590
264,277,195000000000,200000000000,0.033600
277,264,0,1000000000,0.030811
277,264,1000000000,8000000000,0.033600
277,264,8000000000,9000000000,0.033617
277,264,9000000000,10000000000,0.033617
277,264,10000000000,38000000000,0.033600
277,264,38000000000,39000000000,0.033601
277,264,39000000000,40000000000,0.033629
277,264,40000000000,41000000000,0.033604
277,264,41000000000,83000000000,0.033600
277,264,83000000000,84000000000,0.033613
277,264,84000000000,85000000000,0.033615
277,264,85000000000,86000000000,0.033606
277,264,86000000000,153000000000,0.033600
277,264,153000000000,154000000000,0.033587
277,264,154000000000,155000000000,0.033584
277,264,155000000000,156000000000,0.033596
277,264,156000000000,194000000000,0.033600
277,264,194000000000,195000000000,0.033568
277,264,195000000000,196000000000,0.033598
277,264,196000000000,200000000000,0.033600
265,266,0,200000000000,0.000000
266,265,0,200000000000,0.000000
265,278,0,200000000000,0.000000
278,265,0,200000000000,0.000000
266,267,0,200000000000,0.000000
267,266,0,200000000000,0.000000
266,279,0,200000000000,0.000000
279,266,0,200000000000,0.000000
267,268,0,200000000000,0.000000
268,267,0,200000000000,0.000000
267,280,0,200000000000,0.000000
280,267,0,200000000000,0.000000
268,269,0,200000000000,0.000000
269,268,0,200000000000,0.000000
268,281,0,200000000000,0.000000
281,268,0,200000000000,0.000000
269,270,0,200000000000,0.000000
270,269,0,200000000000,0.000000
269,282,0,200000000000,0.000000
282,269,0,200000000000,0.000000
270,271,0,200000000000,0.000000
271,270,0,200000000000,0.000000
270,283,0,200000000000,0.000000
283,270,0,200000000000,0.000000
271,272,0,200000000000,0.000000
272,271,0,200000000000,0.000000
271,284,0,200000000000,0.000000
284,271,0,200000000000,0.000000
260,272,0,200000000000,0.000000
272,260,0,200000000000,0.000000
272,285,0,200000000000,0.000000
285,272,0,200000000000,0.000000
273,274,0,200000000000,0.000000
274,273,0,200000000000,0.000000
273,286,0,200000000000,0.000000
286,273,0,200000000000,0.000000
274,275,0,200000000000,0.000000
275,274,0,200000000000,0.000000
274,287,0,200000000000,0.000000
287,274,0,200000000000,0.000000
275,276,0,200000000000,0.000000
276,275,0,200000000000,0.000000
275,288,0,200000000000,0.000000
288,275,0,200000000000,0.000000
276,277,0,200000000000,0.000000
277,276,0,200000000000,0.000000
276,289,0,200000000000,0.000000
289,276,0,200000000000,0.000000
277,278,0,200000000000,0.000000
278,277,0,200000000000,0.000000
277,290,0,1000000000,0.031618
277,290,1000000000,27000000000,0.033600
277,290,27000000000,28000000000,0.033605
277,290,28000000000,29000000000,0.033608
277,290,29000000000,30000000000,0.033608
277,290,30000000000,31000000000,0.033608
277,290,31000000000,32000000000,0.033604
277,290,32000000000,176000000000,0.033600
277,290,176000000000,177000000000,0.033595
277,290,177000000000,178000000000,0.033590
277,290,178000000000,179000000000,0.033589
277,290,179000000000,180000000000,0.033592
277,290,180000000000,200000000000,0.033600
290,277,0,1000000000,0.031080
290,277,1000000000,26000000000,0.033600
290,277,26000000000,27000000000,0.033602
290,277,27000000000,28000000000,0.033631
290,277,28000000000,60000000000,0.033600
290,277,60000000000,61000000000,0.033610
290,277,61000000000,62000000000,0.033624
290,277,62000000000,183000000000,0.033600
290,277,183000000000,184000000000,0.033589
290,277,184000000000,185000000000,0.033578
290,277,185000000000,200000000000,0.033600
278,279,0,200000000000,0.000000
279,278,0,200000000000,0.000000
278,291,0,200000000000,0.000000
291,278,0,200000000000,0.000000
279,280,0,200000000000,0.000000
280,279,0,200000000000,0.000000
279,292,0,200000000000,0.000000
292,279,0,200000000000,0.000000
280,281,0,200000000000,0.000000
281,280,0,200000000000,0.000000
280,293,0,200000000000,0.000000
293,280,0,200000000000,0.000000
281,282,0,200000000000,0.000000
282,281,0,200000000000,0.000000
281,294,0,200000000000,0.000000
294,281,0,200000000000,0.000000
282,283,0,200000000000,0.000000
283,282,0,200000000000,0.000000
282,295,0,200000000000,0.000000
295,282,0,200000000000,0.000000
283,284,0,200000000000,0.000000
284,283,0,200000000000,0.000000
283,296,0,200000000000,0.000000
296,283,0,200000000000,0.000000
284,285,0,200000000000,0.000000
285,284,0,200000000000,0.000000
284,297,0,200000000000,0.000000
297,284,0,200000000000,0.000000
273,285,0,200000000000,0.000000
285,273,0,200000000000,0.000000
285,298,0,200000000000,0.000000
298,285,0,200000000000,0.000000
286,287,0,200000000000,0.000000
287,286,0,200000000000,0.000000
286,299,0,200000000000,0.000000
299,286,0,200000000000,0.000000
287,288,0,200000000000,0.000000
288,287,0,200000000000,0.000000
287,300,0,200000000000,0.000000
300,287,0,200000000000,0.000000
288,289,0,200000000000,0.000000
289,288,0,200000000000,0.000000
288,301,0,200000000000,0.000000
301,288,0,200000000000,0.000000
289,290,0,200000000000,0.000000
290,289,0,200000000000,0.000000
289,302,0,200000000000,0.000000
302,289,0,200000000000,0.000000
290,291,0,200000000000,0.000000
291,290,0,200000000000,0.000000
290,303,0,200000000000,0.000000
303,290,0,200000000000,0.000000
291,292,0,200000000000,0.000000
292,291,0,200000000000,0.000000
291,304,0,200000000000,0.000000
304,291,0,200000000000,0.000000
292,293,0,200000000000,0.000000
293,292,0,200000000000,0.000000
292,305,0,200000000000,0.000000
305,292,0,200000000000,0.000000
293,294,0,200000000000,0.000000
294,293,0,200000000000,0.000000
293,306,0,200000000000,0.000000
306,293,0,200000000000,0.000000
294,295,0,200000000000,0.000000
295,294,0,200000000000,0.000000
294,307,0,200000000000,0.000000
307,294,0,200000000000,0.000000
295,296,0,200000000000,0.000000
296,295,0,200000000000,0.000000
295,308,0,200000000000,0.000000
308,295,0,200000000000,0.000000
296,297,0,200000000000,0.000000
297,296,0,200000000000,0.000000
296,309,0,200000000000,0.000000
309,296,0,200000000000,0.000000
297,298,0,200000000000,0.000000
298,297,0,200000000000,0.000000
297,310,0,200000000000,0.000000
310,297,0,200000000000,0.000000
286,298,0,200000000000,0.000000
298,286,0,200000000000,0.000000
298,311,0,200000000000,0.000000
311,298,0,200000000000,0.000000
299,300,0,200000000000,0.000000
300,299,0,200000000000,0.000000
299,312,0,200000000000,0.000000
312,299,0,200000000000,0.000000
300,301,0,200000000000,0.000000
301,300,0,200000000000,0.000000
300,313,0,200000000000,0.000000
313,300,0,200000000000,0.000000
301,302,0,200000000000,0.000000
302,301,0,200000000000,0.000000
301,314,0,200000000000,0.000000
314,301,0,200000000000,0.000000
302,303,0,200000000000,0.000000
303,302,0,200000000000,0.000000
302,315,0,200000000000,0.000000
315,302,0,200000000000,0.000000
303,304,0,200000000000,0.000000
304,303,0,200000000000,0.000000
303,316,0,200000000000,0.000000
316,303,0,200000000000,0.000000
304,305,0,200000000000,0.000000
305,304,0,200000000000,0.000000
304,317,0,200000000000,0.000000
317,304,0,200000000000,0.000000
305,306,0,200000000000,0.000000
306,305,0,200000000000,0.000000
305,318,0,200000000000,0.000000
318,305,0,200000000000,0.000000
306,307,0,200000000000,0.000000
307,306,0,200000000000,0.000000
306,319,0,200000000000,0.000000
319,306,0,200000000000,0.000000
307,308,0,200000000000,0.000000
308,307,0,200000000000,0.000000
307,320,0,200000000000,0.000000
320,307,0,200000000000,0.000000
308,309,0,200000000000,0.000000
309,308,0,200000000000,0.000000
308,321,0,200000000000,0.000000
321,308,0,200000000000,0.000000
309,310,0,200000000000,0.000000
310,309,0,200000000000,0.000000
309,322,0,200000000000,0.000000
322,309,0,200000000000,0.000000
310,311,0,200000000000,0.000000
311,310,0,200000000000,0.000000
310,323,0,200000000000,0.000000
323,310,0,200000000000,0.000000
299,311,0,200000000000,0.000000
311,299,0,200000000000,0.000000
311,324,0,200000000000,0.000000
324,311,0,200000000000,0.000000
312,313,0,200000000000,0.000000
313,312,0,200000000000,0.000000
312,325,0,200000000000,0.000000
325,312,0,200000000000,0.000000
313,314,0,200000000000,0.000000
314,313,0,200000000000,0.000000
313,326,0,200000000000,0.000000
326,313,0,200000000000,0.000000
314,315,0,200000000000,0.000000
315,314,0,200000000000,0.000000
314,327,0,200000000000,0.000000
327,314,0,200000000000,0.000000
315,316,0,200000000000,0.000000
316,315,0,200000000000,0.000000
315,328,0,200000000000,0.000000
328,315,0,200000000000,0.000000
316,317,0,200000000000,0.000000
317,316,0,200000000000,0.000000
316,329,0,200000000000,0.000000
329,316,0,200000000000,0.000000
317,318,0,200000000000,0.000000
318,317,0,200000000000,0.000000
317,330,0,200000000000,0.000000
330,317,0,200000000000,0.000000
318,319,0,200000000000,0.000000
319,318,0,200000000000,0.000000
318,331,0,200000000000,0.000000
331,318,0,200000000000,0.000000
319,320,0,200000000000,0.000000
320,319,0,200000000000,0.000000
319,332,0,200000000000,0.000000
332,319,0,200000000000,0.000000
320,321,0,200000000000,0.000000
321,320,0,200000000000,0.000000
320,333,0,200000000000,0.000000
333,320,0,200000000000,0.000000
321,322,0,200000000000,0.000000
322,321,0,200000000000,0.000000
321,334,0,200000000000,0.000000
334,321,0,200000000000,0.000000
322,323,0,200000000000,0.000000
323,322,0,200000000000,0.000000
322,335,0,200000000000,0.000000
335,322,0,200000000000,0.000000
323,324,0,200000000000,0.000000
324,323,0,200000000000,0.000000
323,336,0,200000000000,0.000000
336,323,0,200000000000,0.000000
312,324,0,200000000000,0.000000
324,312,0,200000000000,0.000000
324,337,0,200000000000,0.000000
337,324,0,200000000000,0.000000
325,326,0,200000000000,0.000000
326,325,0,200000000000,0.000000
325,338,0,200000000000,0.000000
338,325,0,200000000000,0.000000
326,327,0,200000000000,0.000000
327,326,0,200000000000,0.000000
326,339,0,200000000000,0.000000
339,326,0,200000000000,0.000000
327,328,0,200000000000,0.000000
328,327,0,200000000000,0.000000
327,340,0,200000000000,0.000000
340,327,0,200000000000,0.000000
328,329,0,200000000000,0.000000
329,328,0,200000000000,0.000000
328,341,0,200000000000,0.000000
341,328,0,200000000000,0.000000
329,330,0,200000000000,0.000000
330,329,0,200000000000,0.000000
329,342,0,200000000000,0.000000
342,329,0,200000000000,0.000000
330,331,0,200000000000,0.000000
331,330,0,200000000000,0.000000
330,343,0,200000000000,0.000000
343,330,0,200000000000,0.000000
331,332,0,200000000000,0.000000
332,331,0,200000000000,0.000000
331,344,0,200000000000,0.000000
344,331,0,200000000000,0.000000
332,333,0,200000000000,0.000000
333,332,0,200000000000,0.000000
332,345,0,200000000000,0.000000
345,332,0,200000000000,0.000000
333,334,0,200000000000,0.000000
334,333,0,200000000000,0.000000
333,346,0,200000000000,0.000000
346,333,0,200000000000,0.000000
334,335,0,200000000000,0.000000
335,334,0,200000000000,0.000000
334,347,0,200000000000,0.000000
347,334,0,200000000000,0.000000
335,336,0,200000000000,0.000000
336,335,0,200000000000,0.000000
335,348,0,200000000000,0.000000
348,335,0,200000000000,0.000000
336,337,0,200000000000,0.000000
337,336,0,200000000000,0.000000
336,349,0,200000000000,0.000000
349,336,0,200000000000,0.000000
325,337,0,200000000000,0.000000
337,325,0,200000000000,0.000000
337,350,0,200000000000,0.000000
350,337,0,200000000000,0.000000
338,339,0,200000000000,0.000000
339,338,0,200000000000,0.000000
0,338,0,200000000000,0.000000
338,0,0,200000000000,0.000000
339,340,0,200000000000,0.000000
340,339,0,200000000000,0.000000
1,339,0,200000000000,0.000000
339,1,0,200000000000,0.000000
340,341,0,200000000000,0.000000
341,340,0,200000000000,0.000000
2,340,0,200000000000,0.000000
340,2,0,200000000000,0.000000
341,342,0,200000000000,0.000000
342,341,0,200000000000,0.000000
3,341,0,200000000000,0.000000
341,3,0,200000000000,0.000000
342,343,0,200000000000,0.000000
343,342,0,200000000000,0.000000
4,342,0,200000000000,0.000000
342,4,0,200000000000,0.000000
343,344,0,200000000000,0.000000
344,343,0,200000000000,0.000000
5,343,0,200000000000,0.000000
343,5,0,200000000000,0.000000
344,345,0,200000000000,0.000000
345,344,0,200000000000,0.000000
6,344,0,200000000000,0.000000
344,6,0,200000000000,0.000000
345,346,0,200000000000,0.000000
346,345,0,200000000000,0.000000
7,345,0,200000000000,0.000000
345,7,0,200000000000,0.000000
346,347,0,200000000000,0.000000
347,346,0,200000000000,0.000000
8,346,0,200000000000,0.000000
346,8,0,200000000000,0.000000
347,348,0,200000000000,0.000000
348,347,0,200000000000,0.000000
9,347,0,200000000000,0.000000
347,9,0,200000000000,0.000000
348,349,0,200000000000,0.000000
349,348,0,200000000000,0.000000
10,348,0,200000000000,0.000000
348,10,0,200000000000,0.000000
349,350,0,200000000000,0.000000
350,349,0,200000000000,0.000000
11,349,0,200000000000,0.000000
349,11,0,200000000000,0.000000
338,350,0,200000000000,0.000000
350,338,0,200000000000,0.000000
12,350,0,200000000000,0.000000
350,12,0,200000000000,0.000000
